feature_name,adopting_accounts,adoption_rate,usage_events,events_per_adopting_account,usage_count_per_adopting_account,avg_minutes_per_event,errors_per_100_uses,beta_event_share,adoption_rank,adoption_quadrant
feature_12,374,0.74800000000000000000,659,1.7620320855614973,17.4705882352941176,52.1365958523014674,5.4943373125191307,0.09863429438543247344,1,Broad but light
feature_17,366,0.73200000000000000000,651,1.7786885245901639,17.6448087431693989,49.9443676395289293,5.7138432951378136,0.09216589861751152074,2,Broad but light
feature_2,360,0.72000000000000000000,642,1.7833333333333333,18.1250000000000000,50.2516614745586713,6.1455938697318008,0.10747663551401869159,3,Broad but light
feature_36,359,0.71800000000000000000,648,1.8050139275766017,17.7966573816155989,48.2209876543209877,5.8068555329472531,0.09722222222222222222,4,Broad but light
feature_39,356,0.71200000000000000000,631,1.7724719101123596,18.0617977528089888,51.3804278922345483,5.5520995334370140,0.08874801901743264659,5,Broad but light
feature_32,354,0.70800000000000000000,659,1.8615819209039548,18.8870056497175141,51.9048052604957011,5.3395154053245588,0.10166919575113808801,6,Core (broad & intensive)
feature_38,353,0.70600000000000000000,643,1.8215297450424929,18.3512747875354108,50.3436236391912908,5.4955233096634764,0.11353032659409020218,7,Core (broad & intensive)
feature_14,352,0.70400000000000000000,600,1.7045454545454545,16.7045454545454545,49.8165000000000000,5.2210884353741497,0.10333333333333333333,8,Broad but light
feature_26,352,0.70400000000000000000,649,1.8437500000000000,18.3806818181818182,50.7544170518746795,6.4451313755795981,0.09707241910631741140,8,Core (broad & intensive)
feature_15,351,0.70200000000000000000,640,1.8233618233618234,18.8632478632478632,51.2236458333333328,5.2711070835221266,0.11562500000000000000,10,Core (broad & intensive)
feature_21,351,0.70200000000000000000,591,1.6837606837606838,16.9515669515669516,51.2875916525662724,5.8655462184873950,0.09983079526226734349,10,Broad but light
feature_34,351,0.70200000000000000000,650,1.8518518518518519,18.6210826210826211,51.4543846153846154,6.0740514075887393,0.10307692307692307692,10,Core (broad & intensive)
feature_37,351,0.70200000000000000000,636,1.8119658119658120,18.1766381766381766,50.8295597484276730,4.7962382445141066,0.10377358490566037736,10,Broad but light
feature_7,351,0.70200000000000000000,619,1.7635327635327635,17.4159544159544160,50.7954765751211632,5.0875184034025847,0.09531502423263327948,10,Broad but light
feature_13,350,0.70000000000000000000,612,1.7485714285714286,17.4257142857142857,49.3735021786492369,6.0993605509099852,0.12091503267973856209,15,Broad but light
feature_24,348,0.69600000000000000000,643,1.8477011494252874,18.3563218390804598,53.6612234318299642,5.4633688165309956,0.10730948678071539658,16,Core (broad & intensive)
feature_11,347,0.69400000000000000000,643,1.8530259365994236,18.8270893371757925,52.1715655780196998,5.3880300015306903,0.09331259720062208398,17,Core (broad & intensive)
feature_28,347,0.69400000000000000000,623,1.7953890489913545,17.9048991354466859,50.9806581059390048,5.8103975535168196,0.08667736757624398074,17,Broad but light
feature_9,347,0.69400000000000000000,624,1.7982708933717579,17.8876080691642651,50.1188835470085465,6.5087804092154020,0.11217948717948717949,17,Broad but light
feature_4,346,0.69200000000000000000,625,1.8063583815028902,18.4219653179190751,52.4965866666666672,6.5578914339504236,0.12320000000000000000,20,Core (broad & intensive)
feature_25,342,0.68400000000000000000,615,1.7982456140350877,17.8099415204678363,50.0278861788617886,5.6476769003447710,0.08455284552845528455,21,Low traction
feature_33,342,0.68400000000000000000,635,1.8567251461988304,18.3450292397660819,51.5296062992125984,5.3554351291042397,0.09921259842519685039,21,Underutilized (narrow but intensive)
feature_6,342,0.68400000000000000000,655,1.9152046783625731,19.1403508771929825,51.2461068702290076,5.1787351054078827,0.10839694656488549618,21,Underutilized (narrow but intensive)
feature_30,341,0.68200000000000000000,629,1.8445747800586510,18.5014662756598240,50.1713566507684149,5.7378348391187193,0.09856915739268680445,24,Underutilized (narrow but intensive)
feature_1,340,0.68000000000000000000,629,1.8500000000000000,18.7176470588235294,48.6707737148913625,5.2796983029541169,0.11287758346581875994,25,Underutilized (narrow but intensive)
feature_5,340,0.68000000000000000000,577,1.6970588235294118,16.9382352941176471,51.3652224147891386,5.4870637263413787,0.09185441941074523397,25,Low traction
feature_31,339,0.67800000000000000000,644,1.8997050147492625,18.9528023598820059,47.4760093167701863,5.2140077821011673,0.09627329192546583851,27,Underutilized (narrow but intensive)
feature_27,338,0.67600000000000000000,611,1.8076923076923077,18.4349112426035503,53.3788325150027283,5.8096613705665222,0.10147299509001636661,28,Underutilized (narrow but intensive)
feature_29,338,0.67600000000000000000,640,1.8934911242603550,18.8224852071005917,49.9807031250000000,5.8314995284501729,0.10000000000000000000,28,Underutilized (narrow but intensive)
feature_35,338,0.67600000000000000000,587,1.7366863905325444,17.2071005917159763,49.2161839863713799,5.3817056396148556,0.11413969335604770017,28,Low traction
feature_10,337,0.67400000000000000000,634,1.8813056379821958,18.9436201780415430,49.2487644584647744,5.4511278195488722,0.08201892744479495268,31,Underutilized (narrow but intensive)
feature_16,337,0.67400000000000000000,622,1.8456973293768546,18.6142433234421365,52.3180332261521977,6.3127690100430416,0.07073954983922829582,31,Underutilized (narrow but intensive)
feature_40,337,0.67400000000000000000,621,1.8427299703264095,18.4629080118694362,51.8304884594739662,6.1073609771777563,0.12721417069243156200,31,Underutilized (narrow but intensive)
feature_3,336,0.67200000000000000000,598,1.7797619047619048,17.6101190476190476,49.7855908584169448,5.8306574277505493,0.11036789297658862876,34,Low traction
feature_8,336,0.67200000000000000000,596,1.7738095238095238,17.9464285714285714,52.5083892617449664,4.7097844112769486,0.10570469798657718121,34,Low traction
feature_19,335,0.67000000000000000000,589,1.7582089552238806,17.6119402985074627,50.4637804187889083,5.9661016949152542,0.09677419354838709677,36,Low traction
feature_20,334,0.66800000000000000000,643,1.9251497005988024,19.5838323353293413,50.4715655780196998,4.7087601284207308,0.09642301710730948678,37,Underutilized (narrow but intensive)
feature_22,334,0.66800000000000000000,636,1.9041916167664671,19.0598802395209581,49.5533542976939198,5.3879987433239083,0.11163522012578616352,37,Underutilized (narrow but intensive)
feature_23,329,0.65800000000000000000,563,1.7112462006079027,17.0243161094224924,49.6700118413262291,5.4633101231922871,0.09769094138543516874,39,Low traction
feature_18,327,0.65400000000000000000,588,1.7981651376146789,17.8899082568807339,49.9131519274376412,6.3076923076923077,0.10374149659863945578,40,Low traction
