dimension,segment,window_days,eligible,retained,retention_rate
billing_frequency,annual,1,2434,2428,0.99753492193919474117
billing_frequency,annual,7,2331,2299,0.98627198627198627199
billing_frequency,annual,14,2227,2176,0.97709923664122137405
billing_frequency,annual,30,1998,1944,0.97297297297297297297
billing_frequency,annual,60,1686,1628,0.96559905100830367734
billing_frequency,annual,90,1438,1375,0.95618915159944367177
billing_frequency,monthly,1,2521,2519,0.99920666402221340738
billing_frequency,monthly,7,2420,2398,0.99090909090909090909
billing_frequency,monthly,14,2296,2262,0.98519163763066202091
billing_frequency,monthly,30,2068,2018,0.97582205029013539652
billing_frequency,monthly,60,1764,1706,0.96712018140589569161
billing_frequency,monthly,90,1516,1456,0.96042216358839050132
is_trial,false,1,4184,4176,0.99808795411089866157
is_trial,false,7,4010,3961,0.98778054862842892768
is_trial,false,14,3809,3735,0.98057232869519558939
is_trial,false,30,3428,3338,0.97374562427071178530
is_trial,false,60,2900,2806,0.96758620689655172414
is_trial,false,90,2486,2385,0.95937248592115848753
is_trial,true,1,771,771,1.00000000000000000000
is_trial,true,7,741,736,0.99325236167341430499
is_trial,true,14,714,703,0.98459383753501400560
is_trial,true,30,638,624,0.97805642633228840125
is_trial,true,60,550,528,0.96000000000000000000
is_trial,true,90,468,446,0.95299145299145299145
overall,All,1,4955,4947,0.99838546922300706357
overall,All,7,4751,4697,0.98863397179541149232
overall,All,14,4523,4438,0.98120716338713243423
overall,All,30,4066,3962,0.97442203639940973930
overall,All,60,3450,3334,0.96637681159420289855
overall,All,90,2954,2831,0.95836154366960054164
plan_tier,Basic,1,1588,1586,0.99874055415617128463
plan_tier,Basic,7,1516,1503,0.99142480211081794195
plan_tier,Basic,14,1451,1424,0.98139214334941419711
plan_tier,Basic,30,1326,1292,0.97435897435897435897
plan_tier,Basic,60,1124,1087,0.96708185053380782918
plan_tier,Basic,90,965,925,0.95854922279792746114
plan_tier,Enterprise,1,1707,1705,0.99882835383714118336
plan_tier,Enterprise,7,1644,1624,0.98783454987834549878
plan_tier,Enterprise,14,1573,1546,0.98283534647171010807
plan_tier,Enterprise,30,1406,1373,0.97652916073968705548
plan_tier,Enterprise,60,1190,1156,0.97142857142857142857
plan_tier,Enterprise,90,1005,965,0.96019900497512437811
plan_tier,Pro,1,1660,1656,0.99759036144578313253
plan_tier,Pro,7,1591,1570,0.98680075424261470773
plan_tier,Pro,14,1499,1468,0.97931954636424282855
plan_tier,Pro,30,1334,1297,0.97226386806596701649
plan_tier,Pro,60,1136,1091,0.96038732394366197183
plan_tier,Pro,90,984,941,0.95630081300813008130
referral_source,ads,1,996,993,0.99698795180722891566
referral_source,ads,7,968,955,0.98657024793388429752
referral_source,ads,14,931,910,0.97744360902255639098
referral_source,ads,30,840,819,0.97500000000000000000
referral_source,ads,60,750,721,0.96133333333333333333
referral_source,ads,90,662,632,0.95468277945619335347
referral_source,event,1,911,910,0.99890230515916575192
referral_source,event,7,884,876,0.99095022624434389140
referral_source,event,14,842,830,0.98574821852731591449
referral_source,event,30,756,738,0.97619047619047619048
referral_source,event,60,620,599,0.96612903225806451613
referral_source,event,90,523,501,0.95793499043977055449
referral_source,organic,1,1156,1155,0.99913494809688581315
referral_source,organic,7,1086,1070,0.98526703499079189687
referral_source,organic,14,1015,994,0.97931034482758620690
referral_source,organic,30,907,879,0.96912899669239250276
referral_source,organic,60,746,723,0.96916890080428954424
referral_source,organic,90,627,603,0.96172248803827751196
referral_source,other,1,1019,1018,0.99901864573110893032
referral_source,other,7,969,960,0.99071207430340557276
referral_source,other,14,930,911,0.97956989247311827957
referral_source,other,30,829,810,0.97708082026537997587
referral_source,other,60,698,675,0.96704871060171919771
referral_source,other,90,593,566,0.95446880269814502530
referral_source,partner,1,873,871,0.99770904925544100802
referral_source,partner,7,844,836,0.99052132701421800948
referral_source,partner,14,805,793,0.98509316770186335404
referral_source,partner,30,734,716,0.97547683923705722071
referral_source,partner,60,636,616,0.96855345911949685535
referral_source,partner,90,549,529,0.96357012750455373406
start_quarter,2023Q1,1,31,31,1.00000000000000000000
start_quarter,2023Q1,7,31,31,1.00000000000000000000
start_quarter,2023Q1,14,31,31,1.00000000000000000000
start_quarter,2023Q1,30,31,31,1.00000000000000000000
start_quarter,2023Q1,60,31,31,1.00000000000000000000
start_quarter,2023Q1,90,31,31,1.00000000000000000000
start_quarter,2023Q2,1,106,106,1.00000000000000000000
start_quarter,2023Q2,7,106,105,0.99056603773584905660
start_quarter,2023Q2,14,106,105,0.99056603773584905660
start_quarter,2023Q2,30,106,105,0.99056603773584905660
start_quarter,2023Q2,60,106,105,0.99056603773584905660
start_quarter,2023Q2,90,106,105,0.99056603773584905660
start_quarter,2023Q3,1,203,203,1.00000000000000000000
start_quarter,2023Q3,7,203,202,0.99507389162561576355
start_quarter,2023Q3,14,203,202,0.99507389162561576355
start_quarter,2023Q3,30,203,201,0.99014778325123152709
start_quarter,2023Q3,60,203,200,0.98522167487684729064
start_quarter,2023Q3,90,203,196,0.96551724137931034483
start_quarter,2023Q4,1,326,326,1.00000000000000000000
start_quarter,2023Q4,7,326,326,1.00000000000000000000
start_quarter,2023Q4,14,326,326,1.00000000000000000000
start_quarter,2023Q4,30,326,324,0.99386503067484662577
start_quarter,2023Q4,60,326,323,0.99079754601226993865
start_quarter,2023Q4,90,326,319,0.97852760736196319018
start_quarter,2024Q1,1,472,472,1.00000000000000000000
start_quarter,2024Q1,7,472,471,0.99788135593220338983
start_quarter,2024Q1,14,472,471,0.99788135593220338983
start_quarter,2024Q1,30,472,468,0.99152542372881355932
start_quarter,2024Q1,60,472,463,0.98093220338983050847
start_quarter,2024Q1,90,472,457,0.96822033898305084746
start_quarter,2024Q2,1,686,686,1.00000000000000000000
start_quarter,2024Q2,7,686,685,0.99854227405247813411
start_quarter,2024Q2,14,686,684,0.99708454810495626822
start_quarter,2024Q2,30,686,682,0.99416909620991253644
start_quarter,2024Q2,60,686,675,0.98396501457725947522
start_quarter,2024Q2,90,686,666,0.97084548104956268222
start_quarter,2024Q3,1,1107,1107,1.00000000000000000000
start_quarter,2024Q3,7,1107,1103,0.99638663053297199639
start_quarter,2024Q3,14,1107,1096,0.99006323396567299006
start_quarter,2024Q3,30,1107,1082,0.97741644083107497742
start_quarter,2024Q3,60,1107,1054,0.95212285456187895212
start_quarter,2024Q3,90,1107,1035,0.93495934959349593496
start_quarter,2024Q4,1,2024,2016,0.99604743083003952569
start_quarter,2024Q4,7,1820,1774,0.97472527472527472527
start_quarter,2024Q4,14,1592,1523,0.95665829145728643216
start_quarter,2024Q4,30,1135,1069,0.94185022026431718062
start_quarter,2024Q4,60,519,483,0.93063583815028901734
start_quarter,2024Q4,90,23,22,0.95652173913043478261
