usage_month,feature_name,usage_events,accounts,usage_count,errors,beta_events
2023-01-01,feature_1,34,33,346,6,4
2023-01-01,feature_10,32,32,342,20,6
2023-01-01,feature_11,31,29,297,19,3
2023-01-01,feature_12,25,25,249,8,2
2023-01-01,feature_13,25,25,244,22,4
2023-01-01,feature_14,26,25,241,12,2
2023-01-01,feature_15,18,17,182,3,3
2023-01-01,feature_16,26,26,304,9,0
2023-01-01,feature_17,30,29,331,18,3
2023-01-01,feature_18,30,30,302,21,4
2023-01-01,feature_19,27,27,288,13,1
2023-01-01,feature_2,24,24,245,26,2
2023-01-01,feature_20,27,27,272,10,2
2023-01-01,feature_21,29,28,302,16,3
2023-01-01,feature_22,36,36,362,15,9
2023-01-01,feature_23,24,24,229,9,2
2023-01-01,feature_24,26,25,246,9,3
2023-01-01,feature_25,20,20,183,10,0
2023-01-01,feature_26,34,33,340,25,1
2023-01-01,feature_27,27,26,299,28,3
2023-01-01,feature_28,25,25,254,17,2
2023-01-01,feature_29,24,24,244,24,1
2023-01-01,feature_3,26,26,290,12,2
2023-01-01,feature_30,24,24,248,9,2
2023-01-01,feature_31,25,23,268,24,3
2023-01-01,feature_32,25,24,226,26,3
2023-01-01,feature_33,25,25,256,2,1
2023-01-01,feature_34,32,31,335,21,6
2023-01-01,feature_35,29,28,289,6,4
2023-01-01,feature_36,26,26,278,16,4
2023-01-01,feature_37,27,27,272,11,4
2023-01-01,feature_38,25,25,253,18,1
2023-01-01,feature_39,22,21,216,2,2
2023-01-01,feature_4,26,26,295,11,7
2023-01-01,feature_40,32,31,294,20,6
2023-01-01,feature_5,23,23,224,13,1
2023-01-01,feature_6,20,19,223,19,5
2023-01-01,feature_7,28,28,268,9,5
2023-01-01,feature_8,27,27,286,14,3
2023-01-01,feature_9,27,25,254,19,6
2023-02-01,feature_1,15,14,163,5,4
2023-02-01,feature_10,29,28,298,19,2
2023-02-01,feature_11,17,16,167,15,1
2023-02-01,feature_12,28,27,270,22,2
2023-02-01,feature_13,32,29,319,17,3
2023-02-01,feature_14,23,23,205,14,5
2023-02-01,feature_15,30,30,324,13,5
2023-02-01,feature_16,28,27,262,20,3
2023-02-01,feature_17,34,33,303,27,2
2023-02-01,feature_18,24,24,240,14,1
2023-02-01,feature_19,27,27,258,17,3
2023-02-01,feature_2,24,24,241,13,0
2023-02-01,feature_20,22,22,228,7,1
2023-02-01,feature_21,27,25,274,17,2
2023-02-01,feature_22,16,16,162,11,0
2023-02-01,feature_23,24,24,230,15,1
2023-02-01,feature_24,25,24,243,16,3
2023-02-01,feature_25,24,23,236,18,1
2023-02-01,feature_26,27,26,250,17,4
2023-02-01,feature_27,22,22,221,13,1
2023-02-01,feature_28,22,21,205,8,2
2023-02-01,feature_29,30,30,293,20,3
2023-02-01,feature_3,16,16,137,6,3
2023-02-01,feature_30,26,25,262,19,3
2023-02-01,feature_31,23,23,223,16,3
2023-02-01,feature_32,24,24,235,12,3
2023-02-01,feature_33,24,24,230,10,2
2023-02-01,feature_34,20,20,188,16,2
2023-02-01,feature_35,25,24,225,14,2
2023-02-01,feature_36,24,23,220,19,3
2023-02-01,feature_37,19,19,195,14,2
2023-02-01,feature_38,28,27,293,16,1
2023-02-01,feature_39,20,20,190,20,2
2023-02-01,feature_4,28,27,291,24,7
2023-02-01,feature_40,26,25,227,8,6
2023-02-01,feature_5,14,13,150,10,1
2023-02-01,feature_6,27,27,266,12,2
2023-02-01,feature_7,27,27,261,12,2
2023-02-01,feature_8,27,26,271,15,2
2023-02-01,feature_9,22,20,236,21,0
2023-03-01,feature_1,30,30,292,20,5
2023-03-01,feature_10,29,27,307,16,3
2023-03-01,feature_11,19,19,197,6,0
2023-03-01,feature_12,39,39,385,14,2
2023-03-01,feature_13,25,25,228,15,0
2023-03-01,feature_14,29,29,262,11,4
2023-03-01,feature_15,30,30,305,17,5
2023-03-01,feature_16,26,24,252,11,2
2023-03-01,feature_17,34,32,357,11,1
2023-03-01,feature_18,29,28,294,17,3
2023-03-01,feature_19,26,24,247,19,1
2023-03-01,feature_2,19,19,175,10,2
2023-03-01,feature_20,25,25,248,11,3
2023-03-01,feature_21,23,23,245,18,2
2023-03-01,feature_22,31,28,309,13,2
2023-03-01,feature_23,31,30,307,15,6
2023-03-01,feature_24,29,28,309,21,3
2023-03-01,feature_25,27,26,266,8,2
2023-03-01,feature_26,24,24,248,10,1
2023-03-01,feature_27,21,20,190,17,5
2023-03-01,feature_28,34,33,337,14,4
2023-03-01,feature_29,31,29,293,9,3
2023-03-01,feature_3,26,26,267,13,1
2023-03-01,feature_30,28,26,293,12,2
2023-03-01,feature_31,28,26,296,24,2
2023-03-01,feature_32,30,29,303,17,5
2023-03-01,feature_33,25,23,253,19,1
2023-03-01,feature_34,29,29,282,16,4
2023-03-01,feature_35,34,34,332,19,4
2023-03-01,feature_36,26,25,262,22,1
2023-03-01,feature_37,36,35,347,15,1
2023-03-01,feature_38,23,23,208,19,5
2023-03-01,feature_39,24,22,273,10,1
2023-03-01,feature_4,26,26,287,20,3
2023-03-01,feature_40,20,20,231,15,1
2023-03-01,feature_5,25,24,263,17,3
2023-03-01,feature_6,28,27,271,24,4
2023-03-01,feature_7,20,20,191,5,2
2023-03-01,feature_8,29,28,269,9,3
2023-03-01,feature_9,35,33,350,22,1
2023-04-01,feature_1,27,26,289,19,3
2023-04-01,feature_10,27,26,265,10,2
2023-04-01,feature_11,28,28,292,15,3
2023-04-01,feature_12,23,23,202,7,3
2023-04-01,feature_13,28,28,272,27,4
2023-04-01,feature_14,21,20,206,6,2
2023-04-01,feature_15,28,28,273,25,3
2023-04-01,feature_16,19,19,194,16,1
2023-04-01,feature_17,28,26,297,17,4
2023-04-01,feature_18,22,22,193,13,1
2023-04-01,feature_19,27,24,271,4,2
2023-04-01,feature_2,19,19,207,3,2
2023-04-01,feature_20,35,32,372,17,0
2023-04-01,feature_21,20,20,211,10,4
2023-04-01,feature_22,30,29,305,20,9
2023-04-01,feature_23,23,23,233,23,1
2023-04-01,feature_24,39,38,409,20,8
2023-04-01,feature_25,25,25,260,22,2
2023-04-01,feature_26,29,28,268,12,2
2023-04-01,feature_27,28,27,280,16,3
2023-04-01,feature_28,26,25,274,17,2
2023-04-01,feature_29,18,18,156,10,5
2023-04-01,feature_3,17,15,167,12,2
2023-04-01,feature_30,29,27,269,14,4
2023-04-01,feature_31,33,32,317,14,5
2023-04-01,feature_32,21,20,210,17,1
2023-04-01,feature_33,19,17,188,13,1
2023-04-01,feature_34,20,20,200,10,2
2023-04-01,feature_35,22,22,222,12,2
2023-04-01,feature_36,29,29,289,9,7
2023-04-01,feature_37,23,22,223,9,2
2023-04-01,feature_38,29,29,294,21,5
2023-04-01,feature_39,22,22,228,9,2
2023-04-01,feature_4,21,20,192,26,1
2023-04-01,feature_40,28,26,270,15,1
2023-04-01,feature_5,23,23,249,7,1
2023-04-01,feature_6,36,32,396,14,2
2023-04-01,feature_7,32,31,312,16,3
2023-04-01,feature_8,24,22,232,7,4
2023-04-01,feature_9,34,34,382,26,6
2023-05-01,feature_1,27,26,290,6,2
2023-05-01,feature_10,22,21,207,10,3
2023-05-01,feature_11,31,30,306,24,0
2023-05-01,feature_12,23,22,254,6,1
2023-05-01,feature_13,29,29,294,18,5
2023-05-01,feature_14,25,25,235,12,7
2023-05-01,feature_15,39,37,431,17,5
2023-05-01,feature_16,27,27,282,25,2
2023-05-01,feature_17,26,24,260,28,1
2023-05-01,feature_18,27,26,288,27,1
2023-05-01,feature_19,18,18,178,7,1
2023-05-01,feature_2,28,28,272,30,4
2023-05-01,feature_20,30,28,278,8,0
2023-05-01,feature_21,21,21,200,19,4
2023-05-01,feature_22,29,28,285,20,5
2023-05-01,feature_23,17,17,168,19,1
2023-05-01,feature_24,21,21,188,9,2
2023-05-01,feature_25,31,29,308,17,4
2023-05-01,feature_26,24,24,256,23,3
2023-05-01,feature_27,23,23,247,13,2
2023-05-01,feature_28,31,31,305,28,2
2023-05-01,feature_29,35,32,326,29,8
2023-05-01,feature_3,30,28,272,14,5
2023-05-01,feature_30,34,32,310,38,6
2023-05-01,feature_31,23,21,229,7,0
2023-05-01,feature_32,28,28,270,11,2
2023-05-01,feature_33,26,24,246,13,3
2023-05-01,feature_34,37,35,340,28,5
2023-05-01,feature_35,21,21,228,11,5
2023-05-01,feature_36,32,32,327,14,1
2023-05-01,feature_37,18,17,178,5,1
2023-05-01,feature_38,29,27,291,14,3
2023-05-01,feature_39,28,27,304,14,3
2023-05-01,feature_4,29,28,287,34,4
2023-05-01,feature_40,22,21,235,4,3
2023-05-01,feature_5,26,24,271,16,2
2023-05-01,feature_6,23,22,209,12,0
2023-05-01,feature_7,22,22,239,12,2
2023-05-01,feature_8,39,37,394,14,6
2023-05-01,feature_9,26,25,269,7,1
2023-06-01,feature_1,26,26,249,17,3
2023-06-01,feature_10,32,30,328,13,1
2023-06-01,feature_11,37,37,390,28,7
2023-06-01,feature_12,27,26,283,12,4
2023-06-01,feature_13,24,24,240,21,3
2023-06-01,feature_14,18,17,176,12,3
2023-06-01,feature_15,19,18,200,15,3
2023-06-01,feature_16,32,31,310,26,1
2023-06-01,feature_17,27,25,234,24,5
2023-06-01,feature_18,22,20,231,13,5
2023-06-01,feature_19,27,27,281,12,4
2023-06-01,feature_2,30,30,291,24,2
2023-06-01,feature_20,20,20,196,9,2
2023-06-01,feature_21,26,25,258,24,2
2023-06-01,feature_22,22,21,212,9,3
2023-06-01,feature_23,26,25,274,26,2
2023-06-01,feature_24,18,18,189,7,2
2023-06-01,feature_25,28,28,271,24,6
2023-06-01,feature_26,27,25,277,12,2
2023-06-01,feature_27,31,31,297,15,3
2023-06-01,feature_28,22,21,203,15,4
2023-06-01,feature_29,22,22,216,15,1
2023-06-01,feature_3,26,25,300,16,3
2023-06-01,feature_30,26,25,260,16,3
2023-06-01,feature_31,24,23,232,8,10
2023-06-01,feature_32,25,24,252,17,3
2023-06-01,feature_33,27,27,236,8,3
2023-06-01,feature_34,27,27,267,16,3
2023-06-01,feature_35,20,20,189,12,2
2023-06-01,feature_36,30,30,279,21,3
2023-06-01,feature_37,31,28,302,14,1
2023-06-01,feature_38,17,17,165,10,3
2023-06-01,feature_39,19,19,201,8,0
2023-06-01,feature_4,27,27,281,26,3
2023-06-01,feature_40,29,27,274,14,3
2023-06-01,feature_5,23,22,228,15,3
2023-06-01,feature_6,25,25,243,5,2
2023-06-01,feature_7,24,24,237,16,1
2023-06-01,feature_8,19,18,165,13,3
2023-06-01,feature_9,31,30,285,18,4
2023-07-01,feature_1,31,30,323,17,2
2023-07-01,feature_10,30,30,320,16,1
2023-07-01,feature_11,24,24,283,9,3
2023-07-01,feature_12,29,27,306,6,4
2023-07-01,feature_13,33,32,327,23,3
2023-07-01,feature_14,26,25,268,8,1
2023-07-01,feature_15,27,27,256,26,2
2023-07-01,feature_16,27,27,256,11,2
2023-07-01,feature_17,36,36,364,22,7
2023-07-01,feature_18,25,25,243,11,1
2023-07-01,feature_19,22,22,232,21,0
2023-07-01,feature_2,27,26,247,24,2
2023-07-01,feature_20,30,30,331,11,1
2023-07-01,feature_21,32,31,333,31,4
2023-07-01,feature_22,23,23,272,6,6
2023-07-01,feature_23,17,17,187,9,1
2023-07-01,feature_24,21,21,218,10,2
2023-07-01,feature_25,24,24,214,14,2
2023-07-01,feature_26,37,36,417,34,2
2023-07-01,feature_27,24,24,227,20,2
2023-07-01,feature_28,23,23,221,10,2
2023-07-01,feature_29,30,28,285,20,1
2023-07-01,feature_3,27,27,267,14,2
2023-07-01,feature_30,31,30,328,17,3
2023-07-01,feature_31,29,28,285,19,1
2023-07-01,feature_32,26,23,279,9,3
2023-07-01,feature_33,24,23,240,13,4
2023-07-01,feature_34,35,35,375,27,3
2023-07-01,feature_35,25,23,233,9,1
2023-07-01,feature_36,21,20,246,7,1
2023-07-01,feature_37,25,25,266,7,3
2023-07-01,feature_38,28,27,282,22,1
2023-07-01,feature_39,18,17,191,9,2
2023-07-01,feature_4,26,26,269,14,2
2023-07-01,feature_40,30,29,300,17,1
2023-07-01,feature_5,23,23,221,8,1
2023-07-01,feature_6,31,30,339,12,2
2023-07-01,feature_7,26,26,283,7,2
2023-07-01,feature_8,21,20,204,13,3
2023-07-01,feature_9,31,31,345,16,5
2023-08-01,feature_1,29,27,285,14,1
2023-08-01,feature_10,29,29,286,14,3
2023-08-01,feature_11,32,31,314,13,1
2023-08-01,feature_12,29,28,266,16,1
2023-08-01,feature_13,26,26,266,16,7
2023-08-01,feature_14,19,18,201,18,3
2023-08-01,feature_15,31,30,322,11,4
2023-08-01,feature_16,25,25,253,19,0
2023-08-01,feature_17,20,20,217,10,0
2023-08-01,feature_18,22,20,220,14,3
2023-08-01,feature_19,26,25,256,10,1
2023-08-01,feature_2,32,31,340,14,1
2023-08-01,feature_20,28,27,292,10,7
2023-08-01,feature_21,36,35,360,23,5
2023-08-01,feature_22,22,20,222,16,1
2023-08-01,feature_23,24,24,233,12,0
2023-08-01,feature_24,30,28,294,14,4
2023-08-01,feature_25,29,29,259,13,3
2023-08-01,feature_26,24,24,209,22,3
2023-08-01,feature_27,21,20,203,8,4
2023-08-01,feature_28,24,24,223,11,1
2023-08-01,feature_29,24,24,251,12,3
2023-08-01,feature_3,23,23,205,12,4
2023-08-01,feature_30,18,17,204,9,4
2023-08-01,feature_31,24,24,216,5,0
2023-08-01,feature_32,24,24,261,15,2
2023-08-01,feature_33,37,36,366,27,6
2023-08-01,feature_34,26,26,259,22,2
2023-08-01,feature_35,26,26,257,10,2
2023-08-01,feature_36,25,22,232,14,1
2023-08-01,feature_37,32,31,342,29,6
2023-08-01,feature_38,22,22,247,14,3
2023-08-01,feature_39,27,25,276,19,2
2023-08-01,feature_4,21,21,200,8,2
2023-08-01,feature_40,22,20,228,8,3
2023-08-01,feature_5,23,22,208,8,0
2023-08-01,feature_6,34,32,300,8,4
2023-08-01,feature_7,28,28,276,22,2
2023-08-01,feature_8,24,23,262,11,4
2023-08-01,feature_9,22,21,224,12,1
2023-09-01,feature_1,27,27,251,13,2
2023-09-01,feature_10,22,22,200,12,1
2023-09-01,feature_11,24,24,231,6,2
2023-09-01,feature_12,24,23,247,15,5
2023-09-01,feature_13,25,22,249,17,2
2023-09-01,feature_14,19,19,203,7,0
2023-09-01,feature_15,28,27,292,13,3
2023-09-01,feature_16,17,17,174,10,4
2023-09-01,feature_17,29,28,288,16,1
2023-09-01,feature_18,23,22,246,14,3
2023-09-01,feature_19,18,18,194,6,1
2023-09-01,feature_2,26,25,255,19,4
2023-09-01,feature_20,18,18,182,6,1
2023-09-01,feature_21,21,21,204,12,1
2023-09-01,feature_22,31,31,300,9,3
2023-09-01,feature_23,32,32,336,15,3
2023-09-01,feature_24,26,25,266,22,2
2023-09-01,feature_25,25,25,272,19,0
2023-09-01,feature_26,24,23,227,16,2
2023-09-01,feature_27,22,22,222,13,0
2023-09-01,feature_28,22,22,212,8,3
2023-09-01,feature_29,26,25,248,19,2
2023-09-01,feature_3,30,30,275,19,2
2023-09-01,feature_30,29,28,281,12,2
2023-09-01,feature_31,17,17,163,11,1
2023-09-01,feature_32,24,23,250,15,1
2023-09-01,feature_33,29,29,334,19,2
2023-09-01,feature_34,16,16,166,14,1
2023-09-01,feature_35,21,21,200,9,2
2023-09-01,feature_36,20,20,197,7,1
2023-09-01,feature_37,28,26,278,12,1
2023-09-01,feature_38,32,32,292,12,3
2023-09-01,feature_39,19,19,215,12,1
2023-09-01,feature_4,23,23,222,19,2
2023-09-01,feature_40,24,22,276,8,0
2023-09-01,feature_5,24,23,250,11,3
2023-09-01,feature_6,27,26,257,19,7
2023-09-01,feature_7,29,28,308,24,4
2023-09-01,feature_8,20,20,191,8,2
2023-09-01,feature_9,28,26,283,18,6
2023-10-01,feature_1,31,29,329,10,5
2023-10-01,feature_10,28,28,274,14,1
2023-10-01,feature_11,28,28,290,15,2
2023-10-01,feature_12,28,26,279,13,1
2023-10-01,feature_13,24,24,265,13,5
2023-10-01,feature_14,30,28,306,15,1
2023-10-01,feature_15,24,23,231,13,5
2023-10-01,feature_16,31,30,329,24,2
2023-10-01,feature_17,27,27,257,5,1
2023-10-01,feature_18,24,23,269,9,1
2023-10-01,feature_19,31,30,299,21,3
2023-10-01,feature_2,30,30,280,15,5
2023-10-01,feature_20,28,28,300,16,3
2023-10-01,feature_21,24,24,230,6,2
2023-10-01,feature_22,26,25,245,14,2
2023-10-01,feature_23,25,24,235,11,3
2023-10-01,feature_24,31,30,297,21,2
2023-10-01,feature_25,20,19,211,6,2
2023-10-01,feature_26,37,37,326,15,3
2023-10-01,feature_27,37,34,376,24,2
2023-10-01,feature_28,26,25,268,21,3
2023-10-01,feature_29,21,20,233,14,1
2023-10-01,feature_3,29,28,318,12,3
2023-10-01,feature_30,28,27,263,16,4
2023-10-01,feature_31,26,26,282,13,4
2023-10-01,feature_32,32,32,289,17,4
2023-10-01,feature_33,25,25,263,18,2
2023-10-01,feature_34,28,27,281,13,2
2023-10-01,feature_35,24,23,239,7,2
2023-10-01,feature_36,25,24,252,16,2
2023-10-01,feature_37,37,37,364,26,5
2023-10-01,feature_38,19,18,193,4,6
2023-10-01,feature_39,19,19,184,12,3
2023-10-01,feature_4,31,30,334,28,2
2023-10-01,feature_40,29,28,287,14,4
2023-10-01,feature_5,23,23,231,24,2
2023-10-01,feature_6,29,27,275,25,2
2023-10-01,feature_7,26,25,240,11,2
2023-10-01,feature_8,25,25,247,12,5
2023-10-01,feature_9,29,29,297,18,2
2023-11-01,feature_1,26,26,255,21,3
2023-11-01,feature_10,23,23,223,6,0
2023-11-01,feature_11,23,23,236,17,2
2023-11-01,feature_12,24,23,248,21,3
2023-11-01,feature_13,15,15,144,9,2
2023-11-01,feature_14,23,23,220,14,0
2023-11-01,feature_15,26,25,277,9,4
2023-11-01,feature_16,24,24,236,11,1
2023-11-01,feature_17,27,27,256,12,1
2023-11-01,feature_18,24,24,209,21,6
2023-11-01,feature_19,15,15,164,3,1
2023-11-01,feature_2,18,18,182,6,3
2023-11-01,feature_20,30,30,304,9,3
2023-11-01,feature_21,17,16,170,3,2
2023-11-01,feature_22,31,30,304,22,4
2023-11-01,feature_23,15,15,171,3,3
2023-11-01,feature_24,26,26,230,3,2
2023-11-01,feature_25,24,23,231,14,5
2023-11-01,feature_26,24,24,272,16,1
2023-11-01,feature_27,20,20,202,10,1
2023-11-01,feature_28,23,23,219,14,2
2023-11-01,feature_29,30,29,341,21,3
2023-11-01,feature_3,25,25,249,14,3
2023-11-01,feature_30,23,23,250,12,2
2023-11-01,feature_31,25,24,239,10,1
2023-11-01,feature_32,30,30,316,17,5
2023-11-01,feature_33,24,24,251,17,1
2023-11-01,feature_34,26,26,258,12,5
2023-11-01,feature_35,18,18,194,10,4
2023-11-01,feature_36,23,22,211,14,1
2023-11-01,feature_37,23,22,238,5,6
2023-11-01,feature_38,24,24,232,9,2
2023-11-01,feature_39,34,34,353,17,5
2023-11-01,feature_4,29,29,326,9,3
2023-11-01,feature_40,19,19,179,16,1
2023-11-01,feature_5,29,28,292,13,0
2023-11-01,feature_6,18,18,166,9,1
2023-11-01,feature_7,19,19,185,12,3
2023-11-01,feature_8,30,30,279,10,1
2023-11-01,feature_9,17,17,163,7,2
2023-12-01,feature_1,25,24,259,19,1
2023-12-01,feature_10,28,28,287,20,3
2023-12-01,feature_11,23,23,215,15,7
2023-12-01,feature_12,25,23,251,14,3
2023-12-01,feature_13,28,26,283,15,3
2023-12-01,feature_14,41,40,412,19,1
2023-12-01,feature_15,30,30,310,23,2
2023-12-01,feature_16,20,20,225,20,2
2023-12-01,feature_17,27,26,257,17,2
2023-12-01,feature_18,29,27,283,10,2
2023-12-01,feature_19,19,18,192,16,2
2023-12-01,feature_2,34,34,344,23,5
2023-12-01,feature_20,22,21,215,19,2
2023-12-01,feature_21,15,15,149,2,2
2023-12-01,feature_22,24,23,234,8,0
2023-12-01,feature_23,17,17,196,9,2
2023-12-01,feature_24,29,28,280,20,2
2023-12-01,feature_25,27,27,260,17,1
2023-12-01,feature_26,33,32,322,26,6
2023-12-01,feature_27,24,23,252,13,2
2023-12-01,feature_28,20,17,194,10,1
2023-12-01,feature_29,36,35,370,23,5
2023-12-01,feature_3,19,19,181,9,2
2023-12-01,feature_30,35,34,345,20,3
2023-12-01,feature_31,24,24,246,13,2
2023-12-01,feature_32,18,18,189,19,2
2023-12-01,feature_33,38,36,362,15,5
2023-12-01,feature_34,29,27,297,16,3
2023-12-01,feature_35,15,15,171,11,1
2023-12-01,feature_36,27,26,266,18,3
2023-12-01,feature_37,29,29,284,16,4
2023-12-01,feature_38,25,24,258,16,7
2023-12-01,feature_39,33,32,336,27,1
2023-12-01,feature_4,28,28,282,19,7
2023-12-01,feature_40,32,32,290,29,4
2023-12-01,feature_5,28,28,277,26,1
2023-12-01,feature_6,23,22,231,8,5
2023-12-01,feature_7,24,23,223,5,2
2023-12-01,feature_8,21,21,211,8,1
2023-12-01,feature_9,19,19,196,17,1
2024-01-01,feature_1,22,22,219,15,4
2024-01-01,feature_10,33,33,308,25,5
2024-01-01,feature_11,40,38,401,16,1
2024-01-01,feature_12,23,22,241,10,1
2024-01-01,feature_13,24,24,229,14,2
2024-01-01,feature_14,18,18,165,7,3
2024-01-01,feature_15,25,24,254,8,1
2024-01-01,feature_16,32,32,304,26,3
2024-01-01,feature_17,21,19,199,13,3
2024-01-01,feature_18,25,24,246,24,5
2024-01-01,feature_19,23,23,235,15,0
2024-01-01,feature_2,27,26,283,24,6
2024-01-01,feature_20,29,28,299,17,4
2024-01-01,feature_21,25,25,264,19,4
2024-01-01,feature_22,17,17,162,5,3
2024-01-01,feature_23,28,28,273,15,3
2024-01-01,feature_24,34,33,357,19,3
2024-01-01,feature_25,26,26,248,11,3
2024-01-01,feature_26,23,23,213,15,4
2024-01-01,feature_27,30,29,324,13,4
2024-01-01,feature_28,22,22,250,12,2
2024-01-01,feature_29,31,31,331,9,4
2024-01-01,feature_3,38,34,362,32,2
2024-01-01,feature_30,22,21,238,6,1
2024-01-01,feature_31,26,25,262,13,2
2024-01-01,feature_32,34,34,348,26,2
2024-01-01,feature_33,25,24,229,14,1
2024-01-01,feature_34,23,23,211,17,0
2024-01-01,feature_35,25,23,249,17,5
2024-01-01,feature_36,23,22,215,10,2
2024-01-01,feature_37,23,23,213,10,2
2024-01-01,feature_38,27,26,306,23,2
2024-01-01,feature_39,37,34,393,22,3
2024-01-01,feature_4,19,19,201,8,1
2024-01-01,feature_40,28,26,272,13,5
2024-01-01,feature_5,31,31,317,16,5
2024-01-01,feature_6,28,26,281,24,2
2024-01-01,feature_7,18,18,159,4,2
2024-01-01,feature_8,30,30,325,18,3
2024-01-01,feature_9,25,24,235,9,5
2024-02-01,feature_1,17,17,162,5,3
2024-02-01,feature_10,22,21,237,16,2
2024-02-01,feature_11,22,21,230,19,1
2024-02-01,feature_12,29,27,278,20,1
2024-02-01,feature_13,29,27,291,22,4
2024-02-01,feature_14,24,22,232,9,4
2024-02-01,feature_15,29,28,339,18,2
2024-02-01,feature_16,36,35,339,30,4
2024-02-01,feature_17,24,23,243,17,5
2024-02-01,feature_18,25,24,250,13,1
2024-02-01,feature_19,20,19,200,15,4
2024-02-01,feature_2,30,28,311,22,4
2024-02-01,feature_20,23,23,231,14,1
2024-02-01,feature_21,29,29,297,23,6
2024-02-01,feature_22,30,30,337,13,1
2024-02-01,feature_23,24,22,224,11,2
2024-02-01,feature_24,22,21,242,11,2
2024-02-01,feature_25,18,18,205,11,2
2024-02-01,feature_26,19,19,198,15,3
2024-02-01,feature_27,30,30,300,12,3
2024-02-01,feature_28,26,25,244,19,1
2024-02-01,feature_29,22,22,210,15,0
2024-02-01,feature_3,25,25,235,13,6
2024-02-01,feature_30,33,32,312,17,2
2024-02-01,feature_31,35,34,353,16,3
2024-02-01,feature_32,29,28,264,13,2
2024-02-01,feature_33,26,25,235,16,4
2024-02-01,feature_34,18,17,196,12,2
2024-02-01,feature_35,25,23,238,21,3
2024-02-01,feature_36,23,23,237,10,2
2024-02-01,feature_37,31,30,316,13,4
2024-02-01,feature_38,14,14,151,6,2
2024-02-01,feature_39,29,26,279,17,1
2024-02-01,feature_4,24,24,254,7,2
2024-02-01,feature_40,21,21,232,15,4
2024-02-01,feature_5,22,22,213,16,4
2024-02-01,feature_6,32,31,328,8,4
2024-02-01,feature_7,25,25,254,16,3
2024-02-01,feature_8,30,28,319,23,2
2024-02-01,feature_9,24,23,231,9,3
2024-03-01,feature_1,32,32,319,12,2
2024-03-01,feature_10,20,20,195,15,1
2024-03-01,feature_11,26,25,280,17,0
2024-03-01,feature_12,25,25,252,11,2
2024-03-01,feature_13,16,15,150,12,6
2024-03-01,feature_14,19,19,212,17,2
2024-03-01,feature_15,25,25,278,17,5
2024-03-01,feature_16,29,28,275,11,3
2024-03-01,feature_17,32,30,312,17,3
2024-03-01,feature_18,22,22,212,6,0
2024-03-01,feature_19,27,25,259,20,3
2024-03-01,feature_2,31,30,337,17,3
2024-03-01,feature_20,29,26,320,9,3
2024-03-01,feature_21,23,21,227,9,2
2024-03-01,feature_22,21,19,182,10,4
2024-03-01,feature_23,23,22,224,11,1
2024-03-01,feature_24,33,32,329,17,4
2024-03-01,feature_25,31,31,332,11,2
2024-03-01,feature_26,27,26,234,9,2
2024-03-01,feature_27,25,24,271,20,5
2024-03-01,feature_28,25,25,229,19,2
2024-03-01,feature_29,31,28,290,14,1
2024-03-01,feature_3,21,21,214,19,1
2024-03-01,feature_30,21,21,194,14,0
2024-03-01,feature_31,29,28,283,13,1
2024-03-01,feature_32,38,37,367,18,6
2024-03-01,feature_33,22,22,211,12,0
2024-03-01,feature_34,37,34,402,28,6
2024-03-01,feature_35,28,28,282,9,4
2024-03-01,feature_36,33,30,339,16,4
2024-03-01,feature_37,32,31,340,19,2
2024-03-01,feature_38,31,31,319,16,6
2024-03-01,feature_39,31,31,306,20,2
2024-03-01,feature_4,20,18,201,16,1
2024-03-01,feature_40,18,17,180,11,1
2024-03-01,feature_5,30,29,289,12,2
2024-03-01,feature_6,26,25,279,16,2
2024-03-01,feature_7,33,33,319,19,4
2024-03-01,feature_8,19,18,194,12,1
2024-03-01,feature_9,28,27,287,19,1
2024-04-01,feature_1,26,26,254,22,3
2024-04-01,feature_10,30,30,304,24,1
2024-04-01,feature_11,24,24,246,14,1
2024-04-01,feature_12,23,23,212,11,1
2024-04-01,feature_13,28,27,273,16,3
2024-04-01,feature_14,24,24,260,11,4
2024-04-01,feature_15,23,22,235,16,2
2024-04-01,feature_16,18,18,188,11,1
2024-04-01,feature_17,29,27,286,21,2
2024-04-01,feature_18,18,18,179,9,1
2024-04-01,feature_19,21,20,223,8,3
2024-04-01,feature_2,21,20,227,16,1
2024-04-01,feature_20,25,25,252,14,3
2024-04-01,feature_21,25,23,211,12,2
2024-04-01,feature_22,25,25,220,13,0
2024-04-01,feature_23,19,19,185,3,2
2024-04-01,feature_24,35,33,340,19,4
2024-04-01,feature_25,19,19,184,20,1
2024-04-01,feature_26,32,29,336,16,5
2024-04-01,feature_27,18,17,184,11,5
2024-04-01,feature_28,32,32,288,26,2
2024-04-01,feature_29,29,27,295,13,3
2024-04-01,feature_3,30,30,305,17,3
2024-04-01,feature_30,28,28,282,11,2
2024-04-01,feature_31,25,23,262,7,3
2024-04-01,feature_32,27,26,264,14,2
2024-04-01,feature_33,29,29,279,27,3
2024-04-01,feature_34,23,23,224,10,2
2024-04-01,feature_35,16,16,185,14,1
2024-04-01,feature_36,27,27,256,20,1
2024-04-01,feature_37,31,30,309,8,2
2024-04-01,feature_38,28,27,285,12,3
2024-04-01,feature_39,30,30,332,16,3
2024-04-01,feature_4,33,33,332,20,2
2024-04-01,feature_40,21,21,206,28,1
2024-04-01,feature_5,25,25,252,13,4
2024-04-01,feature_6,24,24,231,8,0
2024-04-01,feature_7,26,25,218,10,3
2024-04-01,feature_8,23,22,231,13,2
2024-04-01,feature_9,30,30,296,31,3
2024-05-01,feature_1,32,28,317,16,6
2024-05-01,feature_10,19,19,212,15,2
2024-05-01,feature_11,28,28,270,18,5
2024-05-01,feature_12,24,24,217,22,2
2024-05-01,feature_13,21,20,220,20,1
2024-05-01,feature_14,24,23,241,16,2
2024-05-01,feature_15,28,28,285,11,1
2024-05-01,feature_16,25,25,261,11,2
2024-05-01,feature_17,30,29,298,19,8
2024-05-01,feature_18,28,25,311,16,4
2024-05-01,feature_19,39,37,398,22,7
2024-05-01,feature_2,29,29,280,18,3
2024-05-01,feature_20,25,22,253,6,3
2024-05-01,feature_21,17,17,164,11,0
2024-05-01,feature_22,28,27,316,14,0
2024-05-01,feature_23,12,12,121,4,0
2024-05-01,feature_24,27,27,270,15,4
2024-05-01,feature_25,17,17,179,6,2
2024-05-01,feature_26,20,20,231,9,1
2024-05-01,feature_27,33,31,351,25,2
2024-05-01,feature_28,27,24,307,5,2
2024-05-01,feature_29,22,22,222,11,1
2024-05-01,feature_3,37,37,348,15,5
2024-05-01,feature_30,25,25,244,22,2
2024-05-01,feature_31,34,33,319,21,2
2024-05-01,feature_32,33,33,366,11,2
2024-05-01,feature_33,25,24,249,18,2
2024-05-01,feature_34,21,21,214,11,1
2024-05-01,feature_35,30,30,298,23,8
2024-05-01,feature_36,32,32,301,25,4
2024-05-01,feature_37,19,19,193,9,3
2024-05-01,feature_38,38,37,362,19,2
2024-05-01,feature_39,26,24,250,20,0
2024-05-01,feature_4,23,23,240,15,2
2024-05-01,feature_40,21,21,241,22,4
2024-05-01,feature_5,20,20,196,13,1
2024-05-01,feature_6,23,22,243,5,4
2024-05-01,feature_7,22,22,209,20,4
2024-05-01,feature_8,25,25,267,8,1
2024-05-01,feature_9,31,29,288,26,5
2024-06-01,feature_1,26,26,289,11,2
2024-06-01,feature_10,22,22,199,10,3
2024-06-01,feature_11,22,21,209,14,2
2024-06-01,feature_12,22,22,232,14,1
2024-06-01,feature_13,27,27,262,10,5
2024-06-01,feature_14,21,21,209,16,4
2024-06-01,feature_15,24,23,239,13,1
2024-06-01,feature_16,24,24,227,11,3
2024-06-01,feature_17,20,20,194,5,3
2024-06-01,feature_18,26,26,245,20,4
2024-06-01,feature_19,27,27,252,26,4
2024-06-01,feature_2,23,23,252,17,4
2024-06-01,feature_20,25,25,249,17,2
2024-06-01,feature_21,25,25,272,3,1
2024-06-01,feature_22,31,31,308,10,5
2024-06-01,feature_23,20,19,192,14,3
2024-06-01,feature_24,21,21,192,7,3
2024-06-01,feature_25,20,20,203,14,0
2024-06-01,feature_26,22,22,233,11,3
2024-06-01,feature_27,17,17,165,3,2
2024-06-01,feature_28,30,29,270,17,0
2024-06-01,feature_29,25,25,263,13,2
2024-06-01,feature_3,18,18,169,14,2
2024-06-01,feature_30,21,21,206,14,0
2024-06-01,feature_31,38,37,399,9,4
2024-06-01,feature_32,21,20,205,10,1
2024-06-01,feature_33,27,27,257,12,2
2024-06-01,feature_34,30,29,297,16,5
2024-06-01,feature_35,29,28,286,17,1
2024-06-01,feature_36,37,37,377,24,5
2024-06-01,feature_37,35,33,358,20,4
2024-06-01,feature_38,16,16,183,4,2
2024-06-01,feature_39,30,30,273,19,5
2024-06-01,feature_4,15,14,159,5,0
2024-06-01,feature_40,36,36,353,27,6
2024-06-01,feature_5,34,32,335,13,3
2024-06-01,feature_6,25,25,275,11,2
2024-06-01,feature_7,26,25,286,8,1
2024-06-01,feature_8,29,29,292,13,4
2024-06-01,feature_9,26,25,240,27,1
2024-07-01,feature_1,22,22,228,14,3
2024-07-01,feature_10,20,20,179,14,3
2024-07-01,feature_11,24,23,236,5,7
2024-07-01,feature_12,34,33,337,24,4
2024-07-01,feature_13,24,23,242,17,1
2024-07-01,feature_14,30,30,266,18,2
2024-07-01,feature_15,24,23,261,13,4
2024-07-01,feature_16,23,23,250,10,2
2024-07-01,feature_17,18,18,160,9,1
2024-07-01,feature_18,28,27,295,28,5
2024-07-01,feature_19,27,26,268,12,3
2024-07-01,feature_2,29,29,265,8,1
2024-07-01,feature_20,23,22,231,12,4
2024-07-01,feature_21,29,29,278,25,1
2024-07-01,feature_22,26,26,263,13,3
2024-07-01,feature_23,29,29,279,20,2
2024-07-01,feature_24,33,33,358,18,1
2024-07-01,feature_25,29,29,281,14,3
2024-07-01,feature_26,27,26,254,27,1
2024-07-01,feature_27,26,26,271,24,2
2024-07-01,feature_28,24,24,264,17,1
2024-07-01,feature_29,29,29,275,17,6
2024-07-01,feature_3,18,17,173,13,2
2024-07-01,feature_30,27,27,295,8,4
2024-07-01,feature_31,25,24,245,12,3
2024-07-01,feature_32,39,38,396,20,5
2024-07-01,feature_33,29,29,281,12,5
2024-07-01,feature_34,32,29,300,22,2
2024-07-01,feature_35,30,29,299,15,4
2024-07-01,feature_36,22,22,211,17,1
2024-07-01,feature_37,27,27,256,10,4
2024-07-01,feature_38,28,27,282,19,3
2024-07-01,feature_39,33,33,337,23,3
2024-07-01,feature_4,30,29,306,20,1
2024-07-01,feature_40,24,23,228,14,2
2024-07-01,feature_5,20,20,206,12,4
2024-07-01,feature_6,32,32,322,20,5
2024-07-01,feature_7,31,30,332,31,4
2024-07-01,feature_8,19,19,170,9,4
2024-07-01,feature_9,24,24,221,20,3
2024-08-01,feature_1,28,28,305,15,3
2024-08-01,feature_10,27,27,270,8,3
2024-08-01,feature_11,29,28,307,8,4
2024-08-01,feature_12,28,27,281,26,3
2024-08-01,feature_13,25,24,239,8,2
2024-08-01,feature_14,21,20,187,10,0
2024-08-01,feature_15,26,25,240,9,2
2024-08-01,feature_16,25,25,236,18,1
2024-08-01,feature_17,27,27,292,15,4
2024-08-01,feature_18,19,18,193,9,0
2024-08-01,feature_19,21,20,223,9,4
2024-08-01,feature_2,30,30,286,14,3
2024-08-01,feature_20,26,26,266,18,4
2024-08-01,feature_21,26,26,256,18,3
2024-08-01,feature_22,27,26,251,15,3
2024-08-01,feature_23,33,32,324,21,6
2024-08-01,feature_24,22,22,211,11,2
2024-08-01,feature_25,35,32,350,17,1
2024-08-01,feature_26,22,20,204,17,4
2024-08-01,feature_27,36,35,356,19,5
2024-08-01,feature_28,27,27,295,24,2
2024-08-01,feature_29,17,17,178,9,1
2024-08-01,feature_3,25,25,230,9,2
2024-08-01,feature_30,27,27,266,18,4
2024-08-01,feature_31,29,29,294,15,1
2024-08-01,feature_32,29,29,272,6,2
2024-08-01,feature_33,32,30,330,8,4
2024-08-01,feature_34,30,30,310,33,2
2024-08-01,feature_35,21,20,215,15,2
2024-08-01,feature_36,33,32,333,19,6
2024-08-01,feature_37,18,18,177,6,1
2024-08-01,feature_38,32,32,318,8,5
2024-08-01,feature_39,27,27,241,11,4
2024-08-01,feature_4,25,25,251,12,7
2024-08-01,feature_40,34,34,348,22,5
2024-08-01,feature_5,21,21,213,7,1
2024-08-01,feature_6,31,30,322,17,2
2024-08-01,feature_7,28,27,290,12,2
2024-08-01,feature_8,25,24,239,13,3
2024-08-01,feature_9,16,16,160,6,0
2024-09-01,feature_1,18,17,172,16,1
2024-09-01,feature_10,27,27,304,10,3
2024-09-01,feature_11,27,27,285,16,1
2024-09-01,feature_12,32,32,313,15,3
2024-09-01,feature_13,26,25,272,12,2
2024-09-01,feature_14,30,30,290,15,4
2024-09-01,feature_15,23,22,214,15,4
2024-09-01,feature_16,26,25,272,15,3
2024-09-01,feature_17,27,27,289,11,2
2024-09-01,feature_18,24,24,226,16,2
2024-09-01,feature_19,18,18,170,18,1
2024-09-01,feature_2,27,27,284,10,4
2024-09-01,feature_20,32,31,313,17,6
2024-09-01,feature_21,17,17,178,3,1
2024-09-01,feature_22,24,22,253,26,1
2024-09-01,feature_23,23,21,212,10,3
2024-09-01,feature_24,26,26,266,16,1
2024-09-01,feature_25,29,29,274,13,1
2024-09-01,feature_26,33,31,315,23,4
2024-09-01,feature_27,25,23,254,16,1
2024-09-01,feature_28,26,26,246,15,4
2024-09-01,feature_29,28,26,274,17,4
2024-09-01,feature_3,22,22,235,11,2
2024-09-01,feature_30,22,22,225,13,2
2024-09-01,feature_31,29,27,299,23,4
2024-09-01,feature_32,29,29,334,7,3
2024-09-01,feature_33,21,21,213,9,0
2024-09-01,feature_34,29,29,268,17,4
2024-09-01,feature_35,24,23,218,12,4
2024-09-01,feature_36,33,27,315,12,1
2024-09-01,feature_37,24,23,244,15,0
2024-09-01,feature_38,24,24,242,17,1
2024-09-01,feature_39,26,26,270,21,2
2024-09-01,feature_4,33,33,307,16,6
2024-09-01,feature_40,27,25,259,16,5
2024-09-01,feature_5,16,16,143,5,2
2024-09-01,feature_6,31,28,318,11,2
2024-09-01,feature_7,23,23,222,10,1
2024-09-01,feature_8,20,20,221,12,1
2024-09-01,feature_9,19,18,186,12,3
2024-10-01,feature_1,27,26,267,14,1
2024-10-01,feature_10,30,27,309,6,1
2024-10-01,feature_11,34,33,342,17,3
2024-10-01,feature_12,35,33,349,16,4
2024-10-01,feature_13,24,23,232,7,3
2024-10-01,feature_14,31,29,285,11,3
2024-10-01,feature_15,35,35,378,13,4
2024-10-01,feature_16,20,20,220,11,0
2024-10-01,feature_17,14,14,128,9,0
2024-10-01,feature_18,26,26,229,25,2
2024-10-01,feature_19,39,38,377,38,4
2024-10-01,feature_2,26,26,277,9,2
2024-10-01,feature_20,36,35,353,22,4
2024-10-01,feature_21,31,29,314,6,4
2024-10-01,feature_22,34,32,359,25,1
2024-10-01,feature_23,22,21,223,10,2
2024-10-01,feature_24,28,28,258,16,5
2024-10-01,feature_25,26,25,260,6,2
2024-10-01,feature_26,34,33,345,21,1
2024-10-01,feature_27,22,22,236,7,1
2024-10-01,feature_28,34,31,376,14,5
2024-10-01,feature_29,32,32,295,14,1
2024-10-01,feature_3,34,34,361,23,8
2024-10-01,feature_30,27,25,309,22,4
2024-10-01,feature_31,27,27,262,11,4
2024-10-01,feature_32,30,29,319,8,3
2024-10-01,feature_33,25,25,236,11,4
2024-10-01,feature_34,32,32,333,10,2
2024-10-01,feature_35,19,19,197,12,2
2024-10-01,feature_36,32,32,309,8,4
2024-10-01,feature_37,23,23,231,11,2
2024-10-01,feature_38,40,38,398,22,3
2024-10-01,feature_39,20,19,216,8,1
2024-10-01,feature_4,33,32,318,22,3
2024-10-01,feature_40,27,27,271,13,5
2024-10-01,feature_5,20,20,206,19,2
2024-10-01,feature_6,27,26,250,26,2
2024-10-01,feature_7,28,26,265,6,1
2024-10-01,feature_8,26,25,295,8,4
2024-10-01,feature_9,27,27,262,13,2
2024-11-01,feature_1,23,22,232,9,2
2024-11-01,feature_10,22,22,237,18,1
2024-11-01,feature_11,23,23,229,14,1
2024-11-01,feature_12,25,23,239,24,8
2024-11-01,feature_13,24,23,252,10,2
2024-11-01,feature_14,33,31,342,16,3
2024-11-01,feature_15,20,19,215,7,3
2024-11-01,feature_16,30,30,279,19,2
2024-11-01,feature_17,34,32,349,9,0
2024-11-01,feature_18,24,24,235,15,3
2024-11-01,feature_19,21,20,206,11,2
2024-11-01,feature_2,30,28,330,9,3
2024-11-01,feature_20,27,26,283,16,3
2024-11-01,feature_21,24,24,261,25,2
2024-11-01,feature_22,21,21,211,14,4
2024-11-01,feature_23,28,26,269,16,3
2024-11-01,feature_24,21,20,210,8,2
2024-11-01,feature_25,32,31,325,26,2
2024-11-01,feature_26,22,21,239,11,3
2024-11-01,feature_27,23,23,250,15,3
2024-11-01,feature_28,28,27,281,16,4
2024-11-01,feature_29,22,22,235,5,1
2024-11-01,feature_3,15,14,165,4,1
2024-11-01,feature_30,21,21,203,10,2
2024-11-01,feature_31,22,22,206,14,2
2024-11-01,feature_32,18,18,197,8,2
2024-11-01,feature_33,29,26,306,16,4
2024-11-01,feature_34,27,27,289,6,2
2024-11-01,feature_35,25,24,240,10,0
2024-11-01,feature_36,28,27,286,15,1
2024-11-01,feature_37,22,21,221,15,4
2024-11-01,feature_38,36,36,345,25,2
2024-11-01,feature_39,26,25,254,12,5
2024-11-01,feature_4,31,30,293,22,4
2024-11-01,feature_40,22,22,239,14,4
2024-11-01,feature_5,20,20,176,9,1
2024-11-01,feature_6,25,24,240,6,5
2024-11-01,feature_7,23,23,232,12,2
2024-11-01,feature_8,17,17,174,9,0
2024-11-01,feature_9,27,27,264,17,4
2024-12-01,feature_1,28,26,269,20,6
2024-12-01,feature_10,31,29,293,17,1
2024-12-01,feature_11,27,26,280,12,3
2024-12-01,feature_12,35,33,343,12,4
2024-12-01,feature_13,30,30,306,11,2
2024-12-01,feature_14,25,25,256,13,2
2024-12-01,feature_15,28,28,280,24,1
2024-12-01,feature_16,32,31,345,21,0
2024-12-01,feature_17,30,29,287,17,1
2024-12-01,feature_18,22,22,211,4,3
2024-12-01,feature_19,23,23,229,9,2
2024-12-01,feature_2,28,28,314,30,3
2024-12-01,feature_20,28,28,273,13,0
2024-12-01,feature_21,29,28,292,14,0
2024-12-01,feature_22,31,30,292,22,2
2024-12-01,feature_23,27,27,276,5,3
2024-12-01,feature_24,20,19,186,20,3
2024-12-01,feature_25,29,29,279,13,5
2024-12-01,feature_26,24,24,256,15,2
2024-12-01,feature_27,26,25,253,7,1
2024-12-01,feature_28,24,24,248,4,1
2024-12-01,feature_29,25,23,238,18,4
2024-12-01,feature_3,21,20,192,22,0
2024-12-01,feature_30,24,24,222,13,1
2024-12-01,feature_31,24,23,245,17,1
2024-12-01,feature_32,25,24,274,24,3
2024-12-01,feature_33,22,22,223,7,3
2024-12-01,feature_34,23,23,244,4,1
2024-12-01,feature_35,35,34,330,18,2
2024-12-01,feature_36,17,16,151,18,4
2024-12-01,feature_37,23,23,233,7,2
2024-12-01,feature_38,28,27,279,10,2
2024-12-01,feature_39,31,30,312,9,3
2024-12-01,feature_4,24,24,246,17,5
2024-12-01,feature_40,29,29,302,17,4
2024-12-01,feature_5,34,34,349,13,6
2024-12-01,feature_6,30,28,281,20,5
2024-12-01,feature_7,31,31,304,12,2
2024-12-01,feature_8,27,27,292,12,1
2024-12-01,feature_9,26,26,253,14,5
